,Country/Territory,Code,Year,Meningitis,Alzheimer's Disease and Other Dementias,Parkinson's Disease,Nutritional Deficiencies,Malaria,Drowning,Maternal Disorders,HIV/AIDS,Tuberculosis,Cardiovascular Diseases,Lower Respiratory Infections,Neonatal Disorders,Diarrheal Diseases,Neoplasms,Diabetes Mellitus,Chronic Kidney Disease,Protein-Energy Malnutrition,Chronic Respiratory Diseases,Cirrhosis and Other Chronic Liver Diseases,Digestive Diseases
0,American Samoa,ASM,1990,1,3,1,2,0,4,1,0,1,66,10,12,3,31,16,8,2,17,5,9
1,American Samoa,ASM,1991,1,3,2,2,0,4,1,0,1,69,10,12,3,32,17,9,2,17,5,9
2,American Samoa,ASM,1992,1,3,2,2,0,4,1,0,1,71,10,12,3,33,19,9,2,18,5,9
3,American Samoa,ASM,1993,1,3,2,2,0,4,1,0,1,73,10,12,3,34,20,10,2,18,5,10
4,American Samoa,ASM,1994,1,3,2,2,0,4,1,0,1,75,10,12,3,35,21,10,2,18,5,10
5,American Samoa,ASM,1995,1,3,2,2,0,4,1,0,1,77,11,12,3,37,23,11,2,19,5,10
6,American Samoa,ASM,1996,1,3,2,2,0,4,1,0,1,80,11,11,3,38,24,12,2,19,6,10
7,American Samoa,ASM,1997,1,3,2,2,0,4,1,0,1,82,11,11,3,39,25,12,2,20,6,11
8,American Samoa,ASM,1998,1,4,2,2,0,4,1,0,1,84,11,11,3,40,26,13,2,20,6,11
9,American Samoa,ASM,1999,1,4,2,2,0,4,1,0,1,87,11,11,3,41,26,14,2,20,6,11
10,American Samoa,ASM,2000,1,4,2,2,0,4,1,0,1,88,11,10,2,43,28,14,2,20,6,11
11,American Samoa,ASM,2001,1,4,2,2,0,4,1,0,1,90,11,10,3,44,30,15,2,21,6,11
12,American Samoa,ASM,2002,1,4,2,2,0,4,1,0,1,91,11,10,3,45,32,16,2,21,6,11
13,American Samoa,ASM,2003,1,4,2,2,0,4,1,1,1,91,11,9,3,47,34,16,2,21,6,11
14,American Samoa,ASM,2004,1,4,2,2,0,4,1,1,1,92,11,9,3,48,36,17,2,21,6,11
15,American Samoa,ASM,2005,1,5,2,2,0,4,1,1,1,93,11,8,3,50,37,18,2,21,6,11
16,American Samoa,ASM,2006,1,5,2,2,0,4,1,1,1,95,11,7,3,51,37,18,2,21,6,11
17,American Samoa,ASM,2007,1,5,2,2,0,4,1,1,1,97,10,7,3,52,37,19,2,21,6,11
18,American Samoa,ASM,2008,1,5,2,2,0,4,1,1,1,100,11,6,3,54,38,19,2,21,6,12
19,American Samoa,ASM,2009,1,6,2,2,0,4,1,1,1,102,11,6,3,55,38,20,2,21,6,12
20,American Samoa,ASM,2010,1,6,3,2,0,4,1,1,1,104,11,6,3,56,38,20,2,21,6,12
21,American Samoa,ASM,2011,1,6,3,2,0,4,1,1,1,106,11,5,3,58,39,21,2,21,6,12
22,American Samoa,ASM,2012,1,6,3,2,0,4,1,1,1,109,11,5,3,59,39,21,2,21,6,13
23,American Samoa,ASM,2013,1,6,3,2,0,4,1,1,1,111,11,5,3,61,40,22,2,21,7,13
24,American Samoa,ASM,2014,1,6,3,2,0,4,1,1,1,114,11,5,3,62,40,23,2,21,7,13
25,American Samoa,ASM,2015,1,7,3,2,0,4,1,1,1,116,11,5,3,63,40,24,2,22,7,13
26,American Samoa,ASM,2016,1,7,3,2,0,4,1,1,1,119,12,5,3,65,41,25,2,22,7,13
27,American Samoa,ASM,2017,1,7,3,2,0,4,1,1,1,121,12,4,3,66,42,25,2,22,7,13
28,American Samoa,ASM,2018,1,7,3,2,0,4,1,0,1,123,12,4,3,67,43,25,2,23,7,13
29,American Samoa,ASM,2019,1,7,3,2,0,4,1,0,1,125,12,4,3,68,44,26,2,23,7,14
30,Australia,AUS,1990,99,3669,880,77,0,295,19,379,99,51230,1823,872,38,31401,2198,1712,47,6966,1394,3944
31,Australia,AUS,1991,96,3820,909,79,0,282,14,433,97,50532,1826,812,43,31902,2273,1743,49,7006,1386,3911
32,Australia,AUS,1992,97,3984,957,84,0,281,15,479,97,50979,1895,815,49,32785,2397,1804,52,7235,1392,3926
33,Australia,AUS,1993,86,4149,998,89,0,271,20,568,95,50717,1924,746,57,33430,2497,1863,58,7312,1387,3907
34,Australia,AUS,1994,86,4342,1056,97,0,269,24,558,94,51468,2043,719,64,34419,2640,1946,64,7523,1415,3971
35,Australia,AUS,1995,84,4533,1098,101,0,263,23,521,92,51085,2136,694,70,34883,2705,1998,68,7544,1414,3974
36,Australia,AUS,1996,84,4761,1156,106,0,262,18,489,91,51248,2323,684,75,35577,2829,2103,73,7702,1437,4032
37,Australia,AUS,1997,83,4968,1202,109,0,263,22,242,86,50598,2638,662,73,35937,2870,2156,78,7671,1443,4069
38,Australia,AUS,1998,83,5176,1246,116,0,258,15,194,86,49849,2547,649,73,36234,2902,2240,84,7609,1432,4085
39,Australia,AUS,1999,82,5399,1296,121,0,255,26,172,85,49132,2620,674,78,36561,2949,2324,90,7578,1425,4140
40,Australia,AUS,2000,79,5658,1354,124,0,243,17,162,82,48690,2838,651,80,37009,3030,2405,94,7587,1437,4219
41,Australia,AUS,2001,78,5935,1417,125,0,233,17,146,84,48397,2940,640,87,37485,3134,2502,97,7608,1466,4307
42,Australia,AUS,2002,75,6213,1494,132,0,225,17,133,81,48557,3097,632,97,38098,3292,2632,102,7743,1532,4482
43,Australia,AUS,2003,73,6470,1552,134,0,216,13,134,78,47950,3181,620,106,37909,3419,2718,104,7735,1581,4581
44,Australia,AUS,2004,70,6690,1582,137,0,210,15,145,77,46587,3113,621,117,39058,3475,2777,108,7605,1584,4599
45,Australia,AUS,2005,55,6954,1614,137,0,205,14,117,73,45600,2998,651,123,39704,3532,2884,106,7538,1600,4648
46,Australia,AUS,2006,53,7268,1668,137,0,202,18,132,76,45433,2938,658,136,40546,3648,3065,106,7660,1623,4750
47,Australia,AUS,2007,51,7568,1742,138,0,204,14,123,78,45949,2910,652,148,41904,3820,3298,107,7969,1687,4945
48,Australia,AUS,2008,50,7836,1809,138,0,206,12,95,80,46128,2828,648,156,43049,3934,3487,108,8245,1742,5099
49,Australia,AUS,2009,49,8064,1837,137,0,207,18,101,80,45219,2803,649,167,43523,3942,3608,107,8342,1780,5186
50,Australia,AUS,2010,49,8346,1882,139,0,206,19,83,79,44759,2911,638,179,44010,3906,3699,110,8566,1823,5303
51,Australia,AUS,2011,48,8687,1948,138,0,197,19,103,80,44991,3055,608,197,44902,3900,3862,110,8894,1866,5457
52,Australia,AUS,2012,48,8948,1983,136,0,193,19,74,77,44416,3192,575,207,45387,3803,4016,111,9104,1888,5546
53,Australia,AUS,2013,45,9215,2020,134,0,195,11,69,80,44255,3306,572,206,46192,3657,4210,110,9354,1967,5699
54,Australia,AUS,2014,45,9526,2085,141,0,196,13,67,82,45146,3530,537,213,47417,3653,4450,116,9773,2057,5913
55,Australia,AUS,2015,46,9848,2150,145,0,198,12,64,85,46230,3763,542,218,48482,3720,4682,120,10163,2135,6126
56,Australia,AUS,2016,44,10134,2178,150,0,196,14,71,85,46468,3925,529,219,48970,3729,4787,125,10319,2125,6185
57,Australia,AUS,2017,45,10420,2237,154,0,195,13,71,88,47986,4011,511,220,50188,3862,4867,127,10524,2135,6278
58,Australia,AUS,2018,46,10804,2331,159,0,196,13,71,92,50065,4158,496,225,52196,4071,5061,132,10926,2187,6489
59,Australia,AUS,2019,46,11240,2403,164,0,196,13,71,95,51615,4269,487,228,53700,4239,5207,136,11203,2215,6632
60,Cook Islands,COK,1990,0,2,1,0,0,1,0,0,1,42,11,4,1,19,14,3,0,8,2,4
61,Cook Islands,COK,1991,0,2,1,0,0,1,0,0,1,42,11,3,1,19,15,3,0,8,2,4
62,Cook Islands,COK,1992,0,2,1,0,0,1,0,0,1,42,10,3,1,19,15,3,0,7,2,4
63,Cook Islands,COK,1993,0,2,1,0,0,1,0,0,0,42,10,3,1,20,16,3,0,7,2,4
64,Cook Islands,COK,1994,0,2,1,0,0,1,0,0,0,42,10,3,1,20,16,3,0,7,2,4
65,Cook Islands,COK,1995,0,2,1,0,0,1,0,0,0,42,10,2,1,20,16,3,0,7,2,4
66,Cook Islands,COK,1996,0,2,1,0,0,1,0,0,0,42,10,2,1,20,17,3,0,7,2,4
67,Cook Islands,COK,1997,0,2,1,0,0,1,0,0,0,42,9,2,1,20,17,3,0,7,2,4
68,Cook Islands,COK,1998,0,2,1,0,0,1,0,0,0,43,9,2,1,21,18,3,0,7,2,4
69,Cook Islands,COK,1999,0,2,1,0,0,1,0,0,0,43,9,2,1,21,19,3,0,7,2,4
70,Cook Islands,COK,2000,0,2,1,0,0,1,0,0,0,44,9,2,1,21,19,4,0,7,2,4
71,Cook Islands,COK,2001,0,2,1,0,0,1,0,0,0,43,9,2,1,22,20,4,0,7,2,4
72,Cook Islands,COK,2002,0,2,1,0,0,1,0,0,0,43,9,2,1,22,20,4,0,7,2,4
73,Cook Islands,COK,2003,0,3,1,0,0,1,0,0,0,43,9,1,1,23,21,4,0,7,2,4
74,Cook Islands,COK,2004,0,3,1,0,0,1,0,0,0,43,8,1,1,23,22,4,0,7,2,4
75,Cook Islands,COK,2005,0,3,1,0,0,1,0,0,0,43,8,1,1,23,22,4,0,7,2,4
76,Cook Islands,COK,2006,0,3,1,0,0,1,0,1,0,44,8,1,1,24,22,5,0,7,2,4
77,Cook Islands,COK,2007,0,3,1,0,0,1,0,1,0,44,8,1,1,24,22,5,0,7,2,4
78,Cook Islands,COK,2008,0,3,1,0,0,1,0,1,0,44,8,1,1,25,22,5,0,7,2,4
79,Cook Islands,COK,2009,0,3,1,0,0,1,0,1,0,45,8,1,1,25,22,5,0,7,2,4
80,Cook Islands,COK,2010,0,3,1,0,0,1,0,1,0,47,8,1,1,26,22,5,0,7,2,4
81,Cook Islands,COK,2011,0,3,1,0,0,1,0,1,0,49,8,0,1,26,23,5,0,7,2,4
82,Cook Islands,COK,2012,0,4,1,0,0,1,0,1,0,50,8,0,1,27,23,6,0,7,2,4
83,Cook Islands,COK,2013,0,4,1,0,0,1,0,1,0,52,9,0,1,28,23,6,0,7,2,4
84,Cook Islands,COK,2014,0,4,1,0,0,1,0,1,0,53,9,0,1,28,23,6,0,7,2,4
85,Cook Islands,COK,2015,0,4,1,0,0,1,0,1,0,54,9,0,1,29,24,6,0,7,2,4
86,Cook Islands,COK,2016,0,4,2,0,0,1,0,1,0,56,9,0,1,30,25,7,0,7,2,4
87,Cook Islands,COK,2017,0,4,2,0,0,1,0,1,0,57,9,0,1,31,26,7,0,7,2,4
88,Cook Islands,COK,2018,0,4,2,0,0,1,0,2,0,58,10,0,1,31,26,7,0,7,2,4
89,Cook Islands,COK,2019,0,4,2,0,0,1,0,2,0,58,10,0,1,32,27,7,0,8,2,5
90,Fiji,FJI,1990,26,36,22,21,0,61,21,2,49,1645,205,206,131,415,530,115,21,400,62,126
91,Fiji,FJI,1991,26,37,22,21,0,60,21,3,49,1679,207,203,128,419,573,123,21,405,62,126
92,Fiji,FJI,1992,26,37,23,21,0,59,21,4,48,1706,204,191,124,422,619,131,21,407,62,126
93,Fiji,FJI,1993,27,37,24,22,0,60,21,5,49,1742,210,198,121,427,673,140,21,411,63,126
94,Fiji,FJI,1994,27,38,24,22,0,60,21,6,48,1772,212,199,118,429,731,150,21,413,63,127
95,Fiji,FJI,1995,27,38,25,22,0,60,21,7,47,1801,213,197,115,432,796,161,22,415,64,128
96,Fiji,FJI,1996,28,38,26,22,0,61,21,8,47,1849,218,200,113,439,847,171,22,421,66,130
97,Fiji,FJI,1997,24,39,26,22,0,61,21,9,47,1877,219,201,109,443,889,179,22,422,66,131
98,Fiji,FJI,1998,24,39,25,23,0,61,20,10,46,1833,219,205,108,437,897,182,23,412,66,129
99,Fiji,FJI,1999,25,39,27,23,0,63,21,11,48,1954,226,204,106,456,986,199,23,433,69,134
100,Fiji,FJI,2000,25,40,28,23,0,66,21,11,48,2020,230,203,103,470,1064,211,23,443,70,137
101,Fiji,FJI,2001,25,40,28,22,0,65,20,13,45,1980,224,206,100,467,1058,211,22,433,69,136
102,Fiji,FJI,2002,23,41,28,21,0,63,20,13,44,1958,217,206,99,473,1074,214,21,426,69,134
103,Fiji,FJI,2003,22,42,28,21,0,62,21,14,45,1991,216,207,98,497,1166,213,21,423,70,136
104,Fiji,FJI,2004,22,43,27,21,0,64,20,14,44,1926,211,207,99,503,1180,209,20,395,68,135
105,Fiji,FJI,2005,21,44,28,20,0,65,21,14,44,1982,213,198,102,528,1249,218,20,387,70,140
106,Fiji,FJI,2006,21,46,29,19,0,65,20,13,44,2063,216,195,106,559,1280,229,19,383,73,147
107,Fiji,FJI,2007,21,48,31,18,0,66,20,13,44,2132,218,193,110,590,1355,237,18,380,74,151
108,Fiji,FJI,2008,20,50,32,18,0,64,20,12,43,2196,218,189,112,618,1411,243,18,376,76,156
109,Fiji,FJI,2009,18,52,32,18,0,61,19,12,42,2187,213,185,114,629,1399,240,18,365,75,155
110,Fiji,FJI,2010,18,54,33,18,0,61,18,12,43,2237,213,181,116,651,1433,243,18,367,77,158
111,Fiji,FJI,2011,17,56,35,18,0,61,16,13,42,2274,212,177,117,672,1489,249,18,366,78,162
112,Fiji,FJI,2012,14,58,36,18,0,63,16,12,43,2321,209,174,117,690,1526,253,18,366,79,165
113,Fiji,FJI,2013,14,60,37,18,0,62,16,10,43,2366,209,170,116,708,1548,258,18,375,80,167
114,Fiji,FJI,2014,13,62,38,18,0,61,16,10,43,2421,209,167,116,726,1577,264,18,382,81,170
115,Fiji,FJI,2015,14,64,39,18,0,61,16,10,43,2472,211,166,115,744,1607,270,18,389,82,172
116,Fiji,FJI,2016,14,66,41,18,0,61,16,11,42,2516,213,164,113,762,1631,275,18,395,83,174
117,Fiji,FJI,2017,13,69,42,19,0,60,16,10,42,2565,214,158,112,779,1659,281,18,403,85,177
118,Fiji,FJI,2018,13,71,43,19,0,59,15,9,40,2603,215,153,110,795,1692,286,18,407,86,179
119,Fiji,FJI,2019,13,73,44,19,0,59,15,9,40,2642,216,150,108,810,1725,292,18,412,87,181
120,Guam,GUM,1990,2,7,4,2,0,7,1,1,4,215,22,20,3,89,24,15,2,30,21,27
121,Guam,GUM,1991,2,8,5,2,0,7,1,2,4,227,23,20,3,92,26,16,2,32,21,28
122,Guam,GUM,1992,2,8,5,2,0,7,1,2,4,235,23,21,3,95,27,16,2,33,22,28
123,Guam,GUM,1993,2,9,5,2,0,7,1,3,4,241,24,21,3,99,29,17,2,34,23,29
124,Guam,GUM,1994,2,9,5,2,0,7,1,3,4,243,24,21,3,102,29,17,2,34,23,30
125,Guam,GUM,1995,2,10,5,2,0,7,1,4,4,238,23,21,3,101,28,17,2,33,23,29
126,Guam,GUM,1996,2,10,5,2,0,7,1,4,4,237,23,21,3,101,28,18,2,33,23,29
127,Guam,GUM,1997,2,11,5,2,0,7,1,4,4,245,23,20,3,102,27,19,2,34,23,30
128,Guam,GUM,1998,2,12,5,2,0,6,1,4,4,253,23,19,3,105,27,20,2,35,24,31
129,Guam,GUM,1999,1,12,5,2,0,6,1,5,4,266,23,18,3,108,26,22,2,36,25,31
130,Guam,GUM,2000,1,13,6,3,0,6,1,5,4,277,24,18,3,114,28,23,3,37,25,32
131,Guam,GUM,2001,1,14,6,3,0,6,1,5,4,287,24,17,3,118,29,25,3,39,25,31
132,Guam,GUM,2002,1,15,6,3,0,6,1,5,4,296,24,18,3,123,30,27,3,40,25,32
133,Guam,GUM,2003,1,16,6,3,0,6,1,5,4,297,24,18,3,126,31,28,3,40,25,32
134,Guam,GUM,2004,1,17,6,3,0,7,1,5,4,292,23,19,3,128,31,28,3,40,25,31
135,Guam,GUM,2005,1,18,6,2,0,6,1,5,3,283,22,19,3,128,31,28,2,38,25,32
136,Guam,GUM,2006,1,19,6,2,0,6,1,6,4,292,23,20,3,133,32,29,2,39,26,33
137,Guam,GUM,2007,1,20,6,2,0,6,1,6,4,300,23,20,4,138,33,31,2,39,26,34
138,Guam,GUM,2008,1,22,6,2,0,6,1,6,4,313,24,20,4,143,34,33,2,41,27,35
139,Guam,GUM,2009,1,23,7,2,0,6,1,6,4,329,25,21,4,150,35,35,2,42,28,36
140,Guam,GUM,2010,1,24,7,2,0,6,1,6,4,338,25,21,4,154,35,37,2,42,28,36
141,Guam,GUM,2011,1,26,7,2,0,6,1,6,3,343,26,21,4,157,35,38,2,42,28,37
142,Guam,GUM,2012,1,28,7,3,0,6,1,7,3,362,27,21,5,164,37,41,3,43,29,38
143,Guam,GUM,2013,2,29,8,3,0,6,1,7,3,385,28,21,5,172,38,44,3,45,30,39
144,Guam,GUM,2014,2,31,8,3,0,6,1,7,3,403,29,21,5,179,39,47,3,46,30,40
145,Guam,GUM,2015,2,32,8,3,0,6,1,7,3,417,30,22,5,186,39,50,3,47,31,41
146,Guam,GUM,2016,2,34,9,3,0,6,1,7,3,432,32,22,6,191,40,52,3,47,31,42
147,Guam,GUM,2017,2,35,9,3,0,6,1,7,4,444,32,21,6,196,42,53,3,49,32,42
148,Guam,GUM,2018,2,37,9,3,0,6,1,7,4,454,33,21,6,200,43,54,3,51,32,43
149,Guam,GUM,2019,2,38,10,3,0,6,1,7,4,474,34,21,6,207,46,56,3,53,33,45
150,Kiribati,KIR,1990,19,4,3,25,0,6,10,1,69,232,41,68,78,75,55,17,25,58,24,46
151,Kiribati,KIR,1991,19,4,3,25,0,6,10,1,70,237,42,67,77,77,59,17,25,59,24,46
152,Kiribati,KIR,1992,19,4,3,25,0,6,10,1,71,241,42,66,76,78,62,18,25,59,24,47
153,Kiribati,KIR,1993,19,4,3,25,0,6,10,1,71,243,41,65,74,79,66,19,25,59,24,47
154,Kiribati,KIR,1994,18,4,3,24,0,5,10,1,70,242,40,63,71,79,68,20,24,59,24,46
155,Kiribati,KIR,1995,18,4,3,24,0,5,10,1,69,242,40,62,69,79,71,21,23,58,23,46
156,Kiribati,KIR,1996,17,4,3,23,0,5,10,1,68,244,39,61,66,80,75,22,23,58,24,46
157,Kiribati,KIR,1997,17,4,4,22,0,5,10,1,68,249,39,60,64,82,78,23,22,59,24,47
158,Kiribati,KIR,1998,17,5,4,22,0,5,10,1,68,252,39,60,61,84,82,24,21,59,24,47
159,Kiribati,KIR,1999,17,5,4,22,0,5,10,1,68,257,40,60,60,86,86,25,22,60,24,48
160,Kiribati,KIR,2000,16,5,4,22,0,5,10,1,67,259,40,59,58,87,91,27,22,60,24,48
161,Kiribati,KIR,2001,16,5,4,21,0,6,10,1,67,261,40,59,56,89,94,28,21,60,23,47
162,Kiribati,KIR,2002,16,5,4,20,0,6,10,2,67,262,39,58,55,90,98,29,20,60,23,47
163,Kiribati,KIR,2003,15,5,4,20,0,6,10,2,67,263,38,58,53,91,103,30,19,60,23,46
164,Kiribati,KIR,2004,15,5,4,19,0,6,10,2,67,264,38,57,51,93,107,32,18,60,23,46
165,Kiribati,KIR,2005,15,5,4,18,0,6,10,2,67,266,37,57,50,94,112,33,18,60,23,46
166,Kiribati,KIR,2006,15,6,4,18,0,6,10,2,68,272,37,56,50,96,112,33,17,61,23,46
167,Kiribati,KIR,2007,16,6,4,18,0,6,10,2,69,279,38,56,50,99,112,32,18,63,23,47
168,Kiribati,KIR,2008,14,6,4,18,0,6,9,2,69,287,38,56,49,102,113,32,17,65,24,48
169,Kiribati,KIR,2009,14,6,4,17,0,6,9,2,70,293,37,56,49,105,113,32,17,66,24,48
170,Kiribati,KIR,2010,14,6,4,17,0,6,9,2,71,299,37,55,50,107,113,32,17,67,25,49
171,Kiribati,KIR,2011,14,6,4,17,0,6,9,2,71,305,37,54,50,109,115,32,16,68,25,49
172,Kiribati,KIR,2012,14,7,4,16,0,6,9,2,72,310,36,53,49,111,117,32,15,68,25,50
173,Kiribati,KIR,2013,12,7,4,15,0,6,9,2,73,316,36,52,49,113,119,33,15,69,26,50
174,Kiribati,KIR,2014,12,7,4,15,0,6,9,2,75,321,36,51,49,114,120,33,14,70,26,50
175,Kiribati,KIR,2015,12,7,4,14,0,6,8,2,74,326,35,50,47,117,122,34,14,70,26,50
176,Kiribati,KIR,2016,12,7,4,14,0,6,8,2,72,332,35,49,46,119,126,35,13,71,26,51
177,Kiribati,KIR,2017,11,7,5,14,0,6,8,2,71,338,35,47,45,122,129,35,13,72,27,52
178,Kiribati,KIR,2018,11,8,5,13,0,6,8,2,69,344,35,46,43,125,133,36,13,72,27,52
179,Kiribati,KIR,2019,11,8,5,13,0,6,8,2,69,349,35,45,42,128,136,37,13,73,27,52
180,Marshall Islands,MHL,1990,2,2,2,3,0,5,2,0,9,84,21,19,14,26,13,6,3,22,7,14
181,Marshall Islands,MHL,1991,2,2,2,3,0,5,2,1,9,86,21,19,14,27,14,7,3,23,8,14
182,Marshall Islands,MHL,1992,2,2,2,3,0,5,2,1,9,89,22,19,13,27,14,7,3,23,8,14
183,Marshall Islands,MHL,1993,2,2,2,3,0,5,2,1,9,90,22,19,13,28,15,7,3,23,8,14
184,Marshall Islands,MHL,1994,2,2,1,2,0,5,2,1,9,86,21,19,12,27,15,7,2,21,8,14
185,Marshall Islands,MHL,1995,2,2,1,2,0,5,2,1,9,88,21,19,12,28,15,8,2,22,8,14
186,Marshall Islands,MHL,1996,2,2,1,2,0,5,2,1,9,90,22,19,12,29,16,8,2,22,8,14
187,Marshall Islands,MHL,1997,2,2,1,2,0,6,2,1,9,93,22,20,12,30,17,9,2,22,8,15
188,Marshall Islands,MHL,1998,2,2,1,3,0,6,2,1,9,96,23,20,12,31,18,9,2,23,8,15
189,Marshall Islands,MHL,1999,2,2,1,3,0,6,2,1,10,98,24,20,12,31,18,9,2,23,8,15
190,Marshall Islands,MHL,2000,2,2,1,3,0,6,2,1,10,101,24,21,17,32,19,10,2,23,8,15
191,Marshall Islands,MHL,2001,2,2,1,2,0,6,2,2,10,104,24,21,11,33,20,10,2,23,8,15
192,Marshall Islands,MHL,2002,2,2,1,2,0,7,2,2,9,107,24,21,10,34,21,11,2,23,9,15
193,Marshall Islands,MHL,2003,2,2,1,2,0,7,2,2,9,109,25,20,10,35,22,12,2,23,9,15
194,Marshall Islands,MHL,2004,2,2,1,2,0,7,2,2,9,112,25,20,9,36,23,12,2,23,9,15
195,Marshall Islands,MHL,2005,2,2,2,2,0,7,2,2,9,115,25,20,9,37,24,12,2,23,9,15
196,Marshall Islands,MHL,2006,2,2,2,2,0,7,2,2,9,119,24,19,8,38,25,13,2,24,9,15
197,Marshall Islands,MHL,2007,2,2,2,2,0,7,2,2,9,121,24,18,8,39,25,13,2,24,9,15
198,Marshall Islands,MHL,2008,2,2,2,2,0,7,2,2,9,124,23,17,7,40,26,13,2,24,9,15
199,Marshall Islands,MHL,2009,1,2,2,2,0,7,2,2,9,126,23,16,7,41,26,13,2,24,9,16
200,Marshall Islands,MHL,2010,1,2,2,2,0,7,2,2,9,129,22,15,7,42,27,13,2,24,9,16
201,Marshall Islands,MHL,2011,1,2,2,2,0,7,2,2,8,132,22,14,6,43,28,14,2,24,9,16
202,Marshall Islands,MHL,2012,1,2,2,2,0,6,2,2,8,134,21,13,6,44,28,14,2,24,9,16
203,Marshall Islands,MHL,2013,1,3,2,2,0,6,2,2,8,137,21,13,6,46,29,14,2,24,9,16
204,Marshall Islands,MHL,2014,1,3,2,1,0,6,2,3,8,139,20,12,6,47,30,15,1,24,9,16
205,Marshall Islands,MHL,2015,1,3,2,1,0,6,2,3,8,142,20,11,6,48,31,15,1,25,10,16
206,Marshall Islands,MHL,2016,1,3,2,1,0,6,2,3,8,145,20,11,5,49,33,15,1,25,10,16
207,Marshall Islands,MHL,2017,1,3,2,1,0,6,2,3,8,149,20,10,5,51,33,16,1,26,10,17
208,Marshall Islands,MHL,2018,1,3,2,1,0,6,2,4,8,153,20,10,5,52,35,16,1,26,10,17
209,Marshall Islands,MHL,2019,1,3,2,1,0,6,2,4,8,156,20,10,5,54,36,17,1,26,10,17
210,Micronesia,FSM,1990,5,5,4,7,0,13,6,6,25,245,60,47,34,74,42,22,7,68,21,39
211,Micronesia,FSM,1991,5,5,4,7,0,13,6,6,25,249,60,46,31,75,45,23,7,68,21,39
212,Micronesia,FSM,1992,5,5,4,7,0,13,6,7,24,252,59,45,29,77,47,24,7,68,21,38
213,Micronesia,FSM,1993,5,6,4,7,0,13,6,7,24,254,58,43,27,78,49,26,6,68,20,38
214,Micronesia,FSM,1994,5,6,4,6,0,14,6,7,23,256,57,42,26,79,51,27,6,67,20,38
215,Micronesia,FSM,1995,4,6,4,6,0,14,6,7,22,257,55,40,24,80,53,28,6,66,20,37
216,Micronesia,FSM,1996,4,6,4,6,0,14,6,7,21,258,54,39,23,81,56,29,6,66,20,37
217,Micronesia,FSM,1997,4,6,4,5,0,14,5,7,21,260,52,37,21,81,59,31,5,65,19,36
218,Micronesia,FSM,1998,4,6,4,5,0,14,5,7,21,261,50,35,20,82,62,32,5,64,19,35
219,Micronesia,FSM,1999,3,6,4,5,0,14,5,6,20,262,48,33,19,82,65,34,5,63,19,35
220,Micronesia,FSM,2000,3,6,4,5,0,13,5,6,19,262,47,31,37,83,68,36,4,62,18,34
221,Micronesia,FSM,2001,3,6,4,4,0,13,5,6,18,263,45,29,16,84,71,38,4,60,18,33
222,Micronesia,FSM,2002,3,7,4,4,0,13,4,6,17,265,43,26,15,84,74,39,4,59,18,32
223,Micronesia,FSM,2003,3,7,4,4,0,13,4,7,16,266,42,24,14,85,76,40,4,58,18,32
224,Micronesia,FSM,2004,3,7,4,4,0,13,4,7,15,268,42,23,13,86,80,42,4,57,17,32
225,Micronesia,FSM,2005,2,7,4,4,0,13,4,9,14,269,41,22,12,87,83,43,3,56,17,31
226,Micronesia,FSM,2006,2,7,4,3,0,13,4,10,14,272,41,20,12,89,83,44,3,55,17,31
227,Micronesia,FSM,2007,2,7,4,3,0,13,4,11,13,277,41,19,11,90,84,44,3,55,18,31
228,Micronesia,FSM,2008,2,7,4,3,0,13,3,13,13,282,40,18,11,92,85,44,3,55,18,31
229,Micronesia,FSM,2009,2,7,4,3,0,12,3,15,13,287,40,17,11,94,85,44,3,55,18,31
230,Micronesia,FSM,2010,2,7,4,3,0,12,3,17,13,291,39,16,10,95,86,43,3,55,18,32
231,Micronesia,FSM,2011,2,7,4,3,0,12,3,19,13,295,39,15,10,96,88,44,3,55,18,32
232,Micronesia,FSM,2012,2,7,4,3,0,12,3,21,13,298,39,14,10,98,90,44,3,55,18,32
233,Micronesia,FSM,2013,2,7,5,3,0,12,3,23,12,303,38,13,10,100,93,44,3,55,18,32
234,Micronesia,FSM,2014,2,7,5,3,0,12,3,27,12,308,38,12,10,102,96,45,3,55,19,32
235,Micronesia,FSM,2015,2,7,5,3,0,12,3,31,12,312,38,12,9,103,99,46,3,55,19,33
236,Micronesia,FSM,2016,2,7,5,3,0,12,2,35,12,316,38,11,9,105,102,46,3,56,19,33
237,Micronesia,FSM,2017,2,8,5,3,0,12,2,38,12,321,38,10,9,107,104,47,3,56,19,33
238,Micronesia,FSM,2018,2,8,5,3,0,12,2,41,12,326,38,10,9,110,107,48,3,56,20,34
239,Micronesia,FSM,2019,2,8,5,3,0,12,2,45,11,331,38,9,9,112,109,49,2,57,20,34
240,Nauru,NRU,1990,1,0,0,1,0,2,1,0,1,22,6,5,1,7,4,2,1,5,2,3
241,Nauru,NRU,1991,1,0,0,1,0,2,1,0,1,23,6,5,1,7,4,2,1,5,2,3
242,Nauru,NRU,1992,1,0,0,1,0,2,1,0,1,23,6,4,1,7,4,2,1,5,2,3
243,Nauru,NRU,1993,1,0,0,1,0,2,1,0,1,24,6,5,1,7,4,2,1,5,2,3
244,Nauru,NRU,1994,1,0,0,1,0,2,1,0,1,24,6,5,1,7,4,2,1,5,2,3
245,Nauru,NRU,1995,1,0,0,1,0,2,1,0,1,25,6,5,1,7,5,2,1,5,2,3
246,Nauru,NRU,1996,1,0,0,1,0,2,1,0,1,26,7,5,1,8,5,2,1,5,2,3
247,Nauru,NRU,1997,1,0,0,1,0,2,1,0,1,26,7,5,1,8,5,2,1,5,2,3
248,Nauru,NRU,1998,1,0,0,1,0,2,1,0,1,27,7,5,1,8,5,2,1,5,2,3
249,Nauru,NRU,1999,1,0,0,1,0,2,1,0,1,28,7,5,1,8,5,3,1,5,2,3
250,Nauru,NRU,2000,1,0,0,1,0,2,1,0,1,28,8,6,1,8,5,3,1,5,2,3
251,Nauru,NRU,2001,1,0,0,1,0,2,1,0,1,29,8,6,1,8,6,3,1,5,2,3
252,Nauru,NRU,2002,1,0,0,1,0,2,1,0,1,29,8,6,1,8,6,3,1,5,2,3
253,Nauru,NRU,2003,1,0,0,1,0,2,1,0,1,29,7,6,1,8,6,3,1,5,2,3
254,Nauru,NRU,2004,1,0,0,1,0,2,1,0,1,29,7,6,1,8,6,3,1,5,2,3
255,Nauru,NRU,2005,1,0,0,1,0,2,1,0,1,28,7,5,1,8,6,3,1,4,2,3
256,Nauru,NRU,2006,1,0,0,1,0,2,1,0,1,28,7,5,1,8,6,3,1,4,2,3
257,Nauru,NRU,2007,1,0,0,1,0,2,1,0,1,28,7,5,1,8,6,3,1,4,2,3
258,Nauru,NRU,2008,1,0,0,1,0,2,1,0,1,27,7,5,1,8,6,3,1,4,2,3
259,Nauru,NRU,2009,0,0,0,1,0,2,1,0,1,27,6,5,1,8,6,3,1,4,2,3
260,Nauru,NRU,2010,0,0,0,1,0,2,1,0,1,26,6,5,1,7,5,3,1,4,2,3
261,Nauru,NRU,2011,0,0,0,1,0,2,1,0,1,26,6,4,1,7,5,3,1,4,2,3
262,Nauru,NRU,2012,0,0,0,0,0,2,1,0,1,25,5,4,1,7,5,3,0,4,2,3
263,Nauru,NRU,2013,0,0,0,0,0,2,0,0,1,25,5,4,1,7,6,3,0,3,2,3
264,Nauru,NRU,2014,0,0,0,0,0,2,0,1,1,24,5,4,0,7,6,3,0,3,2,2
265,Nauru,NRU,2015,0,0,0,0,0,2,0,1,1,24,4,3,0,7,6,3,0,3,2,2
266,Nauru,NRU,2016,0,0,0,0,0,1,0,1,1,23,4,3,0,7,6,3,0,3,2,2
267,Nauru,NRU,2017,0,0,0,0,0,1,0,1,1,23,4,3,0,7,6,3,0,3,2,2
268,Nauru,NRU,2018,0,0,0,0,0,1,0,1,1,23,4,3,0,8,6,3,0,3,2,2
269,Nauru,NRU,2019,0,0,0,0,0,1,0,1,1,23,4,3,0,8,6,3,0,3,2,2
270,New Zealand,NZL,1990,26,770,160,12,0,72,6,51,35,11253,996,199,13,6762,428,308,7,1542,192,750
271,New Zealand,NZL,1991,26,807,165,12,0,69,8,61,34,11179,970,183,12,6833,440,315,7,1557,196,754
272,New Zealand,NZL,1992,26,844,174,12,0,68,6,58,33,11324,957,170,11,6980,466,334,7,1616,199,764
273,New Zealand,NZL,1993,29,883,182,12,0,68,10,53,32,11434,929,171,11,7127,491,349,8,1667,204,770
274,New Zealand,NZL,1994,28,919,188,11,0,67,7,54,31,11271,892,161,11,7163,511,355,7,1698,205,767
275,New Zealand,NZL,1995,29,964,199,12,0,68,7,36,30,11483,848,142,12,7326,550,374,8,1784,214,778
276,New Zealand,NZL,1996,32,1001,207,12,0,68,6,39,29,11425,821,144,12,7408,580,386,8,1849,216,774
277,New Zealand,NZL,1997,33,1035,213,12,0,69,4,35,28,11272,735,138,13,7413,608,396,8,1862,217,762
278,New Zealand,NZL,1998,31,1067,218,11,0,67,6,16,28,11018,607,128,12,7408,632,394,7,1844,212,734
279,New Zealand,NZL,1999,31,1108,229,11,0,66,6,23,25,11196,580,135,13,7545,656,422,7,1919,221,748
280,New Zealand,NZL,2000,30,1145,236,9,0,63,6,21,23,11070,518,144,15,7559,643,475,6,1894,217,757
281,New Zealand,NZL,2001,31,1192,249,9,0,60,4,15,21,11223,519,138,16,7613,651,508,6,1954,222,776
282,New Zealand,NZL,2002,28,1244,261,10,0,62,7,13,21,11334,526,144,18,7469,661,538,6,1977,231,804
283,New Zealand,NZL,2003,27,1266,264,10,0,59,6,12,22,11019,513,139,20,7784,651,557,6,1944,228,785
284,New Zealand,NZL,2004,27,1299,271,9,0,57,5,15,22,10854,518,139,23,7945,639,579,6,1928,230,795
285,New Zealand,NZL,2005,25,1335,274,10,0,57,6,14,20,10566,514,129,27,8000,627,596,7,1885,231,790
286,New Zealand,NZL,2006,24,1382,283,10,0,56,8,17,20,10462,531,132,34,8148,621,622,7,1889,236,810
287,New Zealand,NZL,2007,24,1434,293,11,0,58,11,12,19,10425,550,137,46,8377,618,652,8,1915,243,835
288,New Zealand,NZL,2008,19,1482,303,11,0,58,7,8,18,10388,571,141,55,8544,612,673,8,1943,249,859
289,New Zealand,NZL,2009,18,1526,308,12,0,57,10,10,18,10259,595,147,64,8643,592,685,9,1929,253,879
290,New Zealand,NZL,2010,17,1579,314,12,0,56,7,15,17,10225,630,155,70,8727,570,691,10,1933,254,891
291,New Zealand,NZL,2011,17,1641,327,13,0,56,7,10,17,10420,688,147,78,8951,567,717,10,1982,263,927
292,New Zealand,NZL,2012,15,1694,337,13,0,53,7,12,16,10438,728,143,82,9117,558,734,10,2009,268,944
293,New Zealand,NZL,2013,13,1737,342,13,0,52,7,11,16,10316,744,139,81,9228,551,748,10,2018,269,954
294,New Zealand,NZL,2014,13,1794,354,14,0,51,5,17,16,10558,786,146,87,9464,558,782,11,2085,276,983
295,New Zealand,NZL,2015,12,1846,359,14,0,51,6,7,17,10673,816,123,85,9592,557,803,11,2120,277,996
296,New Zealand,NZL,2016,12,1902,362,14,0,50,6,9,17,10833,822,101,81,9667,580,816,11,2147,279,1003
297,New Zealand,NZL,2017,13,1959,369,15,0,50,6,9,17,11041,839,106,80,9816,599,834,12,2194,280,1017
298,New Zealand,NZL,2018,13,2019,392,15,0,50,6,9,18,11653,878,103,81,10322,645,887,12,2329,293,1066
299,New Zealand,NZL,2019,13,2066,403,15,0,50,6,9,18,11948,896,101,80,10584,670,915,12,2396,297,1088
300,Niue,NIU,1990,0,1,0,0,0,0,0,0,0,10,1,1,0,3,2,1,0,2,1,1
301,Niue,NIU,1991,0,1,0,0,0,0,0,0,0,10,1,0,0,3,2,1,0,2,1,1
302,Niue,NIU,1992,0,1,0,0,0,0,0,0,0,10,1,0,0,3,2,1,0,2,1,1
303,Niue,NIU,1993,0,1,0,0,0,0,0,0,0,10,1,0,0,3,2,1,0,2,1,1
304,Niue,NIU,1994,0,1,0,0,0,0,0,0,0,10,1,0,0,3,2,1,0,2,1,1
305,Niue,NIU,1995,0,1,0,0,0,0,0,0,0,10,1,0,0,3,2,1,0,2,1,1
306,Niue,NIU,1996,0,1,0,0,0,0,0,0,0,10,1,0,0,3,2,1,0,2,1,1
307,Niue,NIU,1997,0,1,0,0,0,0,0,0,0,10,1,0,0,3,2,1,0,2,1,1
308,Niue,NIU,1998,0,1,0,0,0,0,0,0,0,9,1,0,0,3,2,1,0,2,1,1
309,Niue,NIU,1999,0,1,0,0,0,0,0,0,0,9,1,0,0,3,2,1,0,2,0,1
310,Niue,NIU,2000,0,1,0,0,0,0,0,0,0,9,1,0,0,3,3,1,0,2,0,1
311,Niue,NIU,2001,0,1,0,0,0,0,0,0,0,9,1,0,0,3,3,1,0,2,0,1
312,Niue,NIU,2002,0,0,0,0,0,0,0,0,0,9,1,0,0,3,3,1,0,2,0,1
313,Niue,NIU,2003,0,0,0,0,0,0,0,0,0,9,1,0,0,3,3,1,0,2,0,1
314,Niue,NIU,2004,0,0,0,0,0,0,0,0,0,9,1,0,0,3,3,1,0,2,0,1
315,Niue,NIU,2005,0,0,0,0,0,0,0,0,0,8,1,0,0,3,3,1,0,1,0,1
316,Niue,NIU,2006,0,0,0,0,0,0,0,0,0,8,1,0,0,3,3,1,0,1,0,1
317,Niue,NIU,2007,0,0,0,0,0,0,0,0,0,8,1,0,0,3,3,1,0,1,0,1
318,Niue,NIU,2008,0,0,0,0,0,0,0,0,0,8,1,0,0,3,3,1,0,1,0,1
319,Niue,NIU,2009,0,0,0,0,0,0,0,0,0,8,1,0,0,3,3,1,0,1,0,1
320,Niue,NIU,2010,0,0,0,0,0,0,0,0,0,8,1,0,0,3,3,1,0,1,0,1
321,Niue,NIU,2011,0,0,0,0,0,0,0,0,0,8,1,0,0,3,3,1,0,1,0,1
322,Niue,NIU,2012,0,0,0,0,0,0,0,0,0,8,1,0,0,3,3,1,0,1,0,1
323,Niue,NIU,2013,0,0,0,0,0,0,0,0,0,8,1,0,0,3,3,1,0,1,0,1
324,Niue,NIU,2014,0,0,0,0,0,0,0,0,0,8,1,0,0,3,3,1,0,1,0,1
325,Niue,NIU,2015,0,0,0,0,0,0,0,0,0,8,1,0,0,3,3,1,0,1,0,1
326,Niue,NIU,2016,0,0,0,0,0,0,0,0,0,8,1,0,0,3,3,1,0,1,0,1
327,Niue,NIU,2017,0,0,0,0,0,0,0,0,0,8,1,0,0,3,3,1,0,1,0,1
328,Niue,NIU,2018,0,0,0,0,0,0,0,0,0,8,1,0,0,3,3,1,0,1,0,1
329,Niue,NIU,2019,0,0,0,0,0,0,0,0,0,8,1,0,0,3,3,1,0,1,0,1
330,Northern Mariana Islands,MNP,1990,0,1,1,1,0,4,1,0,2,48,8,5,1,31,8,7,1,10,10,13
331,Northern Mariana Islands,MNP,1991,0,1,1,1,0,4,1,0,2,50,8,5,1,33,8,8,1,11,11,14
332,Northern Mariana Islands,MNP,1992,0,1,1,1,0,4,1,0,2,51,8,5,1,33,8,8,1,11,10,14
333,Northern Mariana Islands,MNP,1993,0,2,1,1,0,4,1,0,2,50,8,4,1,33,8,8,1,11,10,13
334,Northern Mariana Islands,MNP,1994,0,2,1,1,0,4,1,0,2,50,8,4,1,33,8,8,1,11,10,13
335,Northern Mariana Islands,MNP,1995,0,2,1,1,0,4,1,0,2,51,8,4,1,34,9,9,1,11,10,14
336,Northern Mariana Islands,MNP,1996,0,2,1,1,0,4,1,0,2,54,8,4,1,35,9,9,1,11,11,14
337,Northern Mariana Islands,MNP,1997,0,2,1,1,0,5,1,1,2,57,9,5,1,38,10,10,1,12,12,15
338,Northern Mariana Islands,MNP,1998,0,2,1,1,0,5,1,1,2,61,10,7,1,40,11,11,1,13,13,17
339,Northern Mariana Islands,MNP,1999,0,2,1,1,0,5,1,1,2,66,11,7,1,42,11,12,1,13,14,18
340,Northern Mariana Islands,MNP,2000,0,2,1,1,0,6,1,1,2,70,11,7,1,45,13,13,1,14,15,19
341,Northern Mariana Islands,MNP,2001,0,2,1,1,0,6,1,1,2,72,11,6,1,48,15,13,1,14,14,19
342,Northern Mariana Islands,MNP,2002,0,2,1,1,0,6,1,1,2,72,10,5,1,49,16,14,1,14,13,18
343,Northern Mariana Islands,MNP,2003,0,3,1,1,0,6,1,1,2,72,10,4,1,50,18,14,1,14,13,17
344,Northern Mariana Islands,MNP,2004,0,3,1,1,0,6,1,1,1,72,9,4,1,51,19,14,1,14,12,17
345,Northern Mariana Islands,MNP,2005,0,3,2,1,0,6,1,1,1,74,9,3,1,53,21,14,1,15,12,17
346,Northern Mariana Islands,MNP,2006,0,3,2,1,0,6,1,1,1,77,9,3,2,55,21,15,1,15,12,17
347,Northern Mariana Islands,MNP,2007,0,3,2,1,0,6,1,1,1,80,9,3,2,57,22,16,1,15,13,17
348,Northern Mariana Islands,MNP,2008,0,3,2,1,0,5,1,1,1,84,9,3,2,59,22,16,1,15,13,18
349,Northern Mariana Islands,MNP,2009,0,4,2,1,0,5,1,1,1,88,9,3,2,61,23,17,1,15,13,18
350,Northern Mariana Islands,MNP,2010,0,4,2,1,0,5,1,1,1,91,9,2,2,63,23,18,1,15,13,18
351,Northern Mariana Islands,MNP,2011,0,4,2,1,0,5,1,1,1,95,9,2,2,65,23,19,1,16,13,18
352,Northern Mariana Islands,MNP,2012,0,4,2,1,0,4,1,1,1,97,10,2,2,66,23,19,1,16,12,18
353,Northern Mariana Islands,MNP,2013,0,4,2,1,0,4,1,1,1,99,10,2,2,67,23,20,1,16,12,18
354,Northern Mariana Islands,MNP,2014,0,4,2,1,0,4,1,1,1,102,10,2,2,69,24,21,1,16,12,18
355,Northern Mariana Islands,MNP,2015,0,5,2,1,0,4,1,1,1,105,10,2,2,72,24,23,1,16,12,18
356,Northern Mariana Islands,MNP,2016,0,5,2,1,0,4,1,1,1,110,10,2,2,75,25,23,1,16,13,18
357,Northern Mariana Islands,MNP,2017,0,5,2,1,0,4,1,1,1,112,10,2,2,77,26,23,1,17,13,19
358,Northern Mariana Islands,MNP,2018,0,5,2,1,0,3,0,1,1,114,10,2,2,79,26,24,1,17,13,19
359,Northern Mariana Islands,MNP,2019,0,5,2,1,0,3,0,1,1,116,11,2,2,80,27,24,1,17,13,19
360,Palau,PLW,1990,0,1,1,0,0,2,0,0,1,37,16,3,2,18,7,5,0,12,2,4
361,Palau,PLW,1991,0,1,1,0,0,2,0,0,1,37,16,3,2,19,8,5,0,13,2,4
362,Palau,PLW,1992,0,1,1,0,0,2,0,0,1,38,16,3,2,19,8,6,0,13,3,4
363,Palau,PLW,1993,0,1,1,0,0,2,0,0,1,39,16,3,2,20,9,6,0,13,3,4
364,Palau,PLW,1994,0,1,1,0,0,2,0,0,1,41,16,3,2,21,9,6,0,13,3,4
365,Palau,PLW,1995,0,1,1,0,0,2,1,0,1,42,17,3,2,21,10,7,0,13,3,5
366,Palau,PLW,1996,0,1,1,0,0,2,0,0,1,43,17,3,2,22,10,7,0,14,3,5
367,Palau,PLW,1997,0,1,1,0,0,2,0,0,1,45,17,3,2,23,11,7,0,14,3,5
368,Palau,PLW,1998,0,1,1,0,0,2,0,0,1,46,17,2,2,23,12,8,0,14,3,5
369,Palau,PLW,1999,0,1,1,0,0,2,0,0,1,48,17,2,1,24,13,8,0,14,3,5
370,Palau,PLW,2000,0,1,1,0,0,2,0,0,1,49,17,2,1,25,13,9,0,15,3,5
371,Palau,PLW,2001,0,1,1,0,0,2,0,0,1,50,17,2,1,25,14,9,0,15,3,5
372,Palau,PLW,2002,0,1,1,0,0,2,0,0,1,50,17,2,1,26,15,9,0,15,3,5
373,Palau,PLW,2003,0,1,1,0,0,2,0,0,1,51,17,2,1,26,15,10,0,15,3,5
374,Palau,PLW,2004,0,1,1,0,0,2,0,0,1,52,17,2,1,27,16,10,0,15,3,5
375,Palau,PLW,2005,0,2,1,0,0,2,0,1,1,52,17,2,1,27,17,10,0,15,3,5
376,Palau,PLW,2006,0,2,1,0,0,2,0,1,1,52,18,2,1,27,17,10,0,15,3,5
377,Palau,PLW,2007,0,2,1,0,0,2,0,1,1,53,17,2,1,28,17,10,0,15,3,5
378,Palau,PLW,2008,0,2,1,0,0,2,0,1,1,53,17,2,1,28,17,10,0,15,3,5
379,Palau,PLW,2009,0,2,1,0,0,2,0,1,1,54,17,2,1,28,17,10,0,15,3,5
380,Palau,PLW,2010,0,2,1,0,0,2,0,1,1,54,17,1,1,28,17,10,0,15,3,5
381,Palau,PLW,2011,0,2,1,0,0,2,0,1,1,55,17,1,1,29,18,10,0,15,3,5
382,Palau,PLW,2012,0,2,1,0,0,2,0,1,1,55,17,1,1,29,18,10,0,15,3,5
383,Palau,PLW,2013,0,2,1,0,0,2,0,1,1,56,17,1,1,30,19,11,0,15,3,5
384,Palau,PLW,2014,0,2,1,0,0,2,0,1,1,58,17,1,1,31,19,11,0,15,3,6
385,Palau,PLW,2015,0,2,1,0,0,2,0,1,1,59,17,1,1,32,20,11,0,16,4,6
386,Palau,PLW,2016,0,2,1,0,0,2,0,1,1,60,17,1,1,32,21,12,0,16,4,6
387,Palau,PLW,2017,0,2,1,0,0,2,0,2,1,62,17,1,1,33,21,12,0,16,4,6
388,Palau,PLW,2018,0,2,1,0,0,2,0,2,1,63,17,1,1,34,22,12,0,16,4,6
389,Palau,PLW,2019,0,2,1,0,0,2,0,2,1,65,18,1,2,36,23,13,0,17,4,6
390,Papua New Guinea,PNG,1990,641,146,80,169,704,191,472,2,1269,5599,4378,2241,2276,1988,1389,253,166,3338,279,629
391,Papua New Guinea,PNG,1991,966,153,84,171,648,196,493,4,1284,5787,4442,2285,2322,2051,1458,264,169,3446,286,646
392,Papua New Guinea,PNG,1992,973,160,88,174,633,201,508,9,1290,5975,4501,2330,2351,2120,1534,276,171,3552,293,662
393,Papua New Guinea,PNG,1993,934,168,92,174,803,202,511,18,1271,6115,4516,2378,2354,2171,1603,286,172,3630,296,671
394,Papua New Guinea,PNG,1994,940,176,96,174,935,203,516,47,1253,6264,4512,2422,2352,2224,1676,296,172,3707,301,682
395,Papua New Guinea,PNG,1995,898,184,100,176,986,205,527,105,1248,6450,4528,2480,2370,2292,1760,310,174,3800,307,696
396,Papua New Guinea,PNG,1996,636,193,104,179,828,212,547,193,1250,6663,4584,2551,2405,2372,1835,324,177,3897,316,716
397,Papua New Guinea,PNG,1997,627,202,108,197,842,218,563,331,1255,6903,4627,2626,2435,2452,1916,337,194,4010,323,734
398,Papua New Guinea,PNG,1998,643,211,112,237,736,241,591,534,1281,7210,4874,2751,2537,2557,2011,356,235,4152,335,762
399,Papua New Guinea,PNG,1999,621,220,116,198,660,255,618,809,1295,7514,4985,2870,2604,2654,2103,372,195,4278,346,787
400,Papua New Guinea,PNG,2000,601,229,119,201,955,266,621,1152,1290,7795,5084,2976,2638,2730,2189,383,199,4379,352,800
401,Papua New Guinea,PNG,2001,611,237,120,204,1104,275,633,1547,1300,8102,5184,3065,2690,2819,2280,399,202,4474,362,818
402,Papua New Guinea,PNG,2002,622,246,123,207,1113,284,656,1966,1327,8479,5284,3155,2749,2930,2398,418,204,4611,374,843
403,Papua New Guinea,PNG,2003,626,254,126,208,1382,287,670,2360,1348,8858,5359,3250,2778,3035,2520,434,205,4746,386,866
404,Papua New Guinea,PNG,2004,646,263,129,214,1638,298,688,2701,1376,9270,5543,3336,2853,3155,2656,455,210,4895,399,893
405,Papua New Guinea,PNG,2005,689,272,133,225,1736,323,711,2972,1413,9707,5849,3412,2997,3293,2796,478,222,5055,416,927
406,Papua New Guinea,PNG,2006,722,279,134,233,1977,341,723,3141,1434,10075,6086,3491,3109,3410,2868,493,230,5166,431,957
407,Papua New Guinea,PNG,2007,734,287,137,237,1765,350,745,3187,1457,10489,6181,3557,3149,3546,2959,509,234,5297,448,988
408,Papua New Guinea,PNG,2008,694,295,140,239,1944,352,750,3231,1468,10817,6218,3628,3165,3660,3032,519,236,5418,460,1009
409,Papua New Guinea,PNG,2009,688,304,144,238,2285,349,752,3361,1465,11125,6184,3689,3303,3770,3103,527,234,5528,472,1029
410,Papua New Guinea,PNG,2010,698,313,149,240,1606,359,766,3521,1496,11624,6246,3760,3299,3977,3231,549,236,5710,496,1073
411,Papua New Guinea,PNG,2011,698,317,151,236,1231,360,762,3644,1493,12031,6241,3825,3208,4155,3374,569,232,5834,518,1111
412,Papua New Guinea,PNG,2012,702,326,155,233,1156,362,734,3696,1498,12401,6260,3902,3204,4305,3510,586,230,5974,534,1139
413,Papua New Guinea,PNG,2013,682,334,159,230,1537,363,728,3662,1498,12700,6280,3983,3200,4427,3624,601,226,6086,545,1159
414,Papua New Guinea,PNG,2014,669,344,164,223,1391,363,737,3591,1507,13081,6260,4054,3180,4593,3772,621,220,6218,562,1189
415,Papua New Guinea,PNG,2015,648,355,170,239,870,361,760,3606,1525,13580,6200,4123,3137,4810,3961,647,235,6388,586,1229
416,Papua New Guinea,PNG,2016,641,360,174,210,1353,368,749,3695,1518,13910,6271,4206,3144,4965,4112,665,207,6498,599,1253
417,Papua New Guinea,PNG,2017,623,372,182,207,1306,374,754,3780,1525,14431,6304,4262,3203,5187,4286,688,203,6718,621,1298
418,Papua New Guinea,PNG,2018,609,387,191,206,945,378,767,3818,1534,15029,6305,4316,3154,5435,4505,716,202,6954,643,1336
419,Papua New Guinea,PNG,2019,599,402,199,205,928,379,770,3830,1538,15540,6311,4363,3116,5645,4697,741,202,7154,660,1368
420,Samoa,WSM,1990,5,15,7,5,0,12,3,1,18,357,67,43,15,102,60,31,5,104,25,47
421,Samoa,WSM,1991,4,16,7,5,0,12,3,2,18,362,65,41,14,104,63,32,5,105,25,47
422,Samoa,WSM,1992,4,16,7,5,0,12,3,2,18,367,64,38,14,105,65,34,5,106,25,47
423,Samoa,WSM,1993,4,16,7,5,0,12,3,3,18,372,62,36,14,106,68,35,5,106,25,47
424,Samoa,WSM,1994,4,16,7,5,0,13,3,3,18,378,61,34,13,108,70,36,5,106,25,47
425,Samoa,WSM,1995,4,17,7,5,0,13,3,4,18,384,60,32,13,110,73,37,5,106,25,47
426,Samoa,WSM,1996,4,17,7,5,0,13,3,4,17,389,59,30,13,111,76,39,4,106,24,47
427,Samoa,WSM,1997,3,17,7,4,0,13,3,4,17,393,58,29,12,112,79,40,4,106,24,47
428,Samoa,WSM,1998,3,18,7,4,0,13,3,4,16,397,57,27,12,113,82,41,4,105,25,47
429,Samoa,WSM,1999,3,18,8,4,0,13,3,5,16,404,57,27,12,115,86,43,4,105,25,47
430,Samoa,WSM,2000,3,18,8,4,0,13,3,5,15,411,57,26,11,117,89,44,4,104,25,47
431,Samoa,WSM,2001,3,19,8,4,0,13,2,5,15,418,57,25,11,118,93,47,4,103,25,47
432,Samoa,WSM,2002,3,19,8,4,0,13,2,5,15,424,57,23,11,120,97,49,4,102,25,47
433,Samoa,WSM,2003,3,20,8,4,0,13,2,5,15,433,57,23,11,122,100,50,4,101,25,47
434,Samoa,WSM,2004,3,20,8,4,0,13,2,5,14,441,57,22,11,124,103,52,4,101,25,48
435,Samoa,WSM,2005,3,21,8,4,0,13,2,5,14,449,58,22,11,126,107,53,4,101,25,48
436,Samoa,WSM,2006,3,22,8,4,0,13,2,6,14,458,59,21,11,128,108,54,4,101,26,49
437,Samoa,WSM,2007,3,22,9,4,0,13,1,6,14,465,59,21,11,130,108,54,4,101,26,49
438,Samoa,WSM,2008,3,23,9,4,0,13,1,6,13,472,59,20,11,132,109,54,4,102,26,50
439,Samoa,WSM,2009,3,24,9,4,0,13,1,7,13,479,60,20,11,133,110,54,4,102,27,50
440,Samoa,WSM,2010,3,24,9,4,0,13,1,7,14,485,61,20,11,134,110,55,4,103,27,50
441,Samoa,WSM,2011,3,25,9,4,0,13,1,7,14,492,61,20,11,136,111,55,4,103,27,51
442,Samoa,WSM,2012,3,26,9,4,0,13,1,8,14,498,62,20,12,138,112,56,4,104,27,52
443,Samoa,WSM,2013,3,26,9,4,0,13,1,8,14,505,62,19,12,139,113,56,4,105,28,52
444,Samoa,WSM,2014,3,26,9,4,0,13,1,9,15,511,63,19,12,141,114,57,4,105,28,53
445,Samoa,WSM,2015,2,27,10,5,0,13,1,10,14,517,63,19,12,144,115,58,4,105,28,53
446,Samoa,WSM,2016,2,27,10,5,0,13,1,11,14,522,63,18,12,147,117,59,4,105,29,54
447,Samoa,WSM,2017,2,27,10,5,0,14,1,11,14,528,64,18,12,150,119,59,4,105,29,54
448,Samoa,WSM,2018,2,28,10,5,0,14,1,12,13,533,64,18,12,153,121,60,4,105,30,55
449,Samoa,WSM,2019,2,28,10,4,0,13,1,13,13,539,63,17,11,155,124,61,4,105,30,55
450,Solomon Islands,SLB,1990,23,8,8,36,69,60,43,4,40,1004,447,144,310,224,114,67,35,187,71,109
451,Solomon Islands,SLB,1991,23,8,9,36,70,62,45,5,40,1042,459,148,310,234,122,70,36,193,73,112
452,Solomon Islands,SLB,1992,23,9,9,36,76,64,46,6,40,1075,468,151,308,242,130,74,35,198,75,115
453,Solomon Islands,SLB,1993,23,9,9,35,82,67,47,7,40,1108,476,154,304,251,138,78,35,204,76,117
454,Solomon Islands,SLB,1994,23,9,10,35,84,69,48,9,40,1142,485,157,300,260,147,83,35,209,78,120
455,Solomon Islands,SLB,1995,23,10,10,34,91,71,49,10,40,1174,490,159,295,269,157,88,34,213,80,123
456,Solomon Islands,SLB,1996,23,10,11,34,93,74,50,11,39,1210,499,161,291,279,167,93,34,219,82,126
457,Solomon Islands,SLB,1997,23,11,11,34,89,77,52,12,39,1251,511,163,288,291,177,99,34,226,85,129
458,Solomon Islands,SLB,1998,24,11,12,38,85,83,53,13,39,1293,538,166,295,303,189,105,37,233,87,133
459,Solomon Islands,SLB,1999,25,12,12,39,91,87,55,14,39,1331,555,169,295,315,200,112,39,239,89,136
460,Solomon Islands,SLB,2000,25,12,13,39,107,91,57,14,40,1389,546,171,296,331,212,105,39,248,91,139
461,Solomon Islands,SLB,2001,25,13,13,39,130,94,60,15,41,1453,527,172,300,349,223,96,38,257,93,142
462,Solomon Islands,SLB,2002,25,13,13,38,168,97,62,16,43,1498,518,173,305,363,234,92,38,264,95,144
463,Solomon Islands,SLB,2003,25,13,13,36,184,98,64,17,45,1546,509,173,306,376,248,92,35,271,97,147
464,Solomon Islands,SLB,2004,24,14,14,33,206,99,66,17,47,1588,500,172,303,388,262,93,33,276,98,149
465,Solomon Islands,SLB,2005,24,14,14,33,220,101,67,18,48,1631,503,171,305,401,277,96,33,282,101,152
466,Solomon Islands,SLB,2006,24,15,15,33,222,103,68,19,49,1682,505,167,305,415,283,95,32,289,103,156
467,Solomon Islands,SLB,2007,25,15,15,34,262,106,68,19,49,1715,510,161,305,425,286,94,33,292,105,158
468,Solomon Islands,SLB,2008,22,15,15,33,437,105,65,21,48,1693,498,154,292,421,279,90,33,287,104,156
469,Solomon Islands,SLB,2009,21,16,15,32,352,108,66,22,49,1771,502,147,292,442,291,92,32,297,109,162
470,Solomon Islands,SLB,2010,21,17,16,32,377,110,66,23,49,1801,502,143,287,453,295,92,32,299,110,164
471,Solomon Islands,SLB,2011,21,17,16,31,244,113,66,23,49,1885,508,140,283,478,317,96,31,310,115,171
472,Solomon Islands,SLB,2012,21,18,17,29,197,113,66,23,48,1936,505,136,274,495,333,99,29,315,118,174
473,Solomon Islands,SLB,2013,21,19,17,29,165,115,65,24,48,1983,509,132,269,511,350,102,29,320,121,178
474,Solomon Islands,SLB,2014,25,19,18,28,114,117,64,26,47,2038,510,128,264,529,370,106,28,326,124,182
475,Solomon Islands,SLB,2015,19,20,18,29,112,119,63,29,47,2076,511,125,262,543,389,110,29,330,127,184
476,Solomon Islands,SLB,2016,18,20,18,28,156,120,62,32,46,2091,506,121,254,548,405,117,28,330,128,186
477,Solomon Islands,SLB,2017,17,21,18,27,145,120,60,34,45,2156,489,116,250,588,408,98,27,335,130,188
478,Solomon Islands,SLB,2018,17,21,19,27,96,121,59,37,44,2238,476,113,244,641,417,84,26,342,130,188
479,Solomon Islands,SLB,2019,17,22,19,26,87,122,59,41,44,2285,479,112,238,650,432,89,25,347,133,192
480,Tokelau,TKL,1990,0,0,0,0,0,0,0,0,0,5,1,1,0,2,1,0,0,2,0,1
481,Tokelau,TKL,1991,0,0,0,0,0,0,0,0,0,5,1,1,0,2,1,0,0,2,0,1
482,Tokelau,TKL,1992,0,0,0,0,0,0,0,0,0,5,1,1,0,2,1,0,0,2,0,1
483,Tokelau,TKL,1993,0,0,0,0,0,0,0,0,0,5,1,0,0,2,1,0,0,2,0,1
484,Tokelau,TKL,1994,0,0,0,0,0,0,0,0,0,5,1,0,0,2,1,0,0,1,0,1
485,Tokelau,TKL,1995,0,0,0,0,0,0,0,0,0,5,1,0,0,2,1,0,0,1,0,1
486,Tokelau,TKL,1996,0,0,0,0,0,0,0,0,0,5,1,0,0,2,1,0,0,1,0,1
487,Tokelau,TKL,1997,0,0,0,0,0,0,0,0,0,5,1,0,0,2,1,0,0,1,0,1
488,Tokelau,TKL,1998,0,0,0,0,0,0,0,0,0,5,1,0,0,2,1,0,0,1,0,1
489,Tokelau,TKL,1999,0,0,0,0,0,0,0,0,0,5,1,0,0,2,1,0,0,1,0,1
490,Tokelau,TKL,2000,0,0,0,0,0,0,0,0,0,5,1,0,0,2,1,0,0,1,0,1
491,Tokelau,TKL,2001,0,0,0,0,0,0,0,0,0,5,1,0,0,2,1,1,0,1,0,1
492,Tokelau,TKL,2002,0,0,0,0,0,0,0,0,0,5,1,0,0,2,1,1,0,1,0,1
493,Tokelau,TKL,2003,0,0,0,0,0,0,0,0,0,5,1,0,0,2,1,1,0,1,0,0
494,Tokelau,TKL,2004,0,0,0,0,0,0,0,0,0,5,1,0,0,2,1,1,0,1,0,0
495,Tokelau,TKL,2005,0,0,0,0,0,0,0,0,0,5,1,0,0,1,1,1,0,1,0,0
496,Tokelau,TKL,2006,0,0,0,0,0,0,0,0,0,5,1,0,0,1,1,0,0,1,0,0
497,Tokelau,TKL,2007,0,0,0,0,0,0,0,0,0,5,1,0,0,1,1,0,0,1,0,0
498,Tokelau,TKL,2008,0,0,0,0,0,0,0,0,0,5,1,0,0,1,1,0,0,1,0,0
499,Tokelau,TKL,2009,0,0,0,0,0,0,0,0,0,5,1,0,0,1,1,0,0,1,0,0
500,Tokelau,TKL,2010,0,0,0,0,0,0,0,0,0,4,1,0,0,1,1,0,0,1,0,0
501,Tokelau,TKL,2011,0,0,0,0,0,0,0,0,0,4,1,0,0,1,1,0,0,1,0,0
502,Tokelau,TKL,2012,0,0,0,0,0,0,0,0,0,4,1,0,0,1,1,0,0,1,0,0
503,Tokelau,TKL,2013,0,0,0,0,0,0,0,0,0,4,1,0,0,1,1,0,0,1,0,0
504,Tokelau,TKL,2014,0,0,0,0,0,0,0,0,0,4,0,0,0,1,1,0,0,1,0,0
505,Tokelau,TKL,2015,0,0,0,0,0,0,0,0,0,4,0,0,0,1,1,0,0,1,0,0
506,Tokelau,TKL,2016,0,0,0,0,0,0,0,0,0,4,0,0,0,2,1,0,0,1,0,0
507,Tokelau,TKL,2017,0,0,0,0,0,0,0,0,0,4,0,0,0,2,1,0,0,1,0,0
508,Tokelau,TKL,2018,0,0,0,0,0,0,0,0,0,4,0,0,0,2,1,0,0,1,0,0
509,Tokelau,TKL,2019,0,0,0,0,0,0,0,0,0,4,0,0,0,2,1,1,0,1,0,0
510,Tuvalu,TUV,1990,1,1,1,1,0,1,1,0,3,33,10,7,3,10,6,2,1,10,2,4
511,Tuvalu,TUV,1991,1,1,1,1,0,1,1,0,3,33,9,7,3,10,6,3,1,10,2,4
512,Tuvalu,TUV,1992,1,1,1,1,0,1,1,0,2,33,9,6,3,10,6,3,1,9,2,4
513,Tuvalu,TUV,1993,1,1,1,1,0,1,1,0,2,34,8,6,2,10,7,3,1,9,2,4
514,Tuvalu,TUV,1994,1,1,1,1,0,1,1,0,2,34,8,5,2,10,7,3,1,9,2,4
515,Tuvalu,TUV,1995,0,1,1,1,0,1,0,0,2,34,7,5,2,11,7,3,1,9,2,4
516,Tuvalu,TUV,1996,0,1,1,1,0,1,0,0,2,35,7,5,2,11,7,3,1,9,2,4
517,Tuvalu,TUV,1997,0,1,1,1,0,1,0,0,2,35,7,5,2,11,8,3,1,9,2,4
518,Tuvalu,TUV,1998,0,1,1,1,0,1,0,0,2,36,6,4,2,11,8,3,1,9,2,4
519,Tuvalu,TUV,1999,0,1,1,1,0,1,0,0,2,36,6,4,2,11,8,3,1,9,2,4
520,Tuvalu,TUV,2000,0,1,1,1,0,1,0,0,2,36,6,4,2,11,8,3,1,9,2,4
521,Tuvalu,TUV,2001,0,1,1,1,0,1,0,0,2,36,6,3,2,11,8,3,1,8,2,4
522,Tuvalu,TUV,2002,0,1,1,1,0,1,0,0,2,36,5,3,2,11,9,4,1,8,2,4
523,Tuvalu,TUV,2003,0,1,1,1,0,1,0,0,2,36,5,3,2,11,9,4,1,8,2,4
524,Tuvalu,TUV,2004,0,1,1,0,0,1,0,0,1,36,5,3,2,11,9,4,0,8,2,4
525,Tuvalu,TUV,2005,0,1,1,0,0,1,0,0,1,37,5,2,2,11,9,4,0,8,2,4
526,Tuvalu,TUV,2006,0,1,1,0,0,1,0,0,1,37,5,2,2,11,9,4,0,8,2,4
527,Tuvalu,TUV,2007,0,1,1,0,0,1,0,0,1,38,5,2,1,12,9,4,0,8,2,4
528,Tuvalu,TUV,2008,0,1,1,0,0,1,0,0,1,38,5,2,1,12,10,4,0,8,2,4
529,Tuvalu,TUV,2009,0,1,1,0,0,1,0,0,1,39,5,2,1,12,10,4,0,8,2,4
530,Tuvalu,TUV,2010,0,1,1,0,0,1,0,0,1,39,5,2,1,12,10,4,0,8,2,4
531,Tuvalu,TUV,2011,0,1,1,0,0,1,0,0,1,40,5,2,1,12,10,4,0,8,2,4
532,Tuvalu,TUV,2012,0,1,1,0,0,1,0,0,1,40,5,2,1,12,10,4,0,8,2,4
533,Tuvalu,TUV,2013,0,1,1,0,0,1,0,1,1,40,5,2,1,12,10,4,0,8,2,4
534,Tuvalu,TUV,2014,0,1,1,0,0,1,0,1,1,41,5,1,1,13,10,4,0,8,2,4
535,Tuvalu,TUV,2015,0,2,1,0,0,1,0,1,1,41,5,1,1,13,10,4,0,7,2,4
536,Tuvalu,TUV,2016,0,2,1,0,0,1,0,1,1,41,5,1,1,13,11,4,0,7,2,4
537,Tuvalu,TUV,2017,0,2,1,0,0,1,0,1,1,42,5,1,1,13,11,4,0,7,2,4
538,Tuvalu,TUV,2018,0,2,1,0,0,1,0,1,1,42,5,1,1,13,11,4,0,7,2,4
539,Tuvalu,TUV,2019,0,2,1,0,0,1,0,1,1,42,5,1,1,14,11,5,0,7,2,4
540,Vanuatu,VUT,1990,6,7,5,11,90,14,6,2,30,311,71,74,61,76,28,16,11,90,26,49
541,Vanuatu,VUT,1991,6,7,5,11,66,16,6,2,32,330,73,74,61,81,30,17,11,94,28,51
542,Vanuatu,VUT,1992,6,7,5,11,49,17,7,3,33,347,74,74,62,86,32,19,11,98,29,54
543,Vanuatu,VUT,1993,6,7,5,11,39,17,7,3,34,362,76,75,62,89,33,20,11,101,30,55
544,Vanuatu,VUT,1994,6,8,6,11,16,18,8,4,35,380,77,75,63,94,35,21,11,105,31,58
545,Vanuatu,VUT,1995,6,8,6,11,29,19,8,4,34,386,78,76,62,95,36,21,11,105,31,58
546,Vanuatu,VUT,1996,6,8,6,11,22,20,8,4,34,399,79,77,62,98,38,23,11,108,32,59
547,Vanuatu,VUT,1997,6,8,6,12,23,21,8,5,33,410,80,79,62,101,40,24,11,109,32,60
548,Vanuatu,VUT,1998,6,8,6,12,22,22,8,5,33,420,82,80,62,104,42,25,11,110,33,61
549,Vanuatu,VUT,1999,7,9,6,13,20,23,8,5,33,435,87,82,64,108,44,26,13,113,34,63
550,Vanuatu,VUT,2000,7,9,6,13,49,24,8,5,32,437,87,84,63,108,45,26,13,111,33,62
551,Vanuatu,VUT,2001,7,9,6,13,44,24,8,6,32,454,89,85,64,113,49,28,13,113,34,63
552,Vanuatu,VUT,2002,7,9,6,13,93,24,8,6,32,451,90,86,63,112,50,29,13,110,33,61
553,Vanuatu,VUT,2003,7,9,6,12,127,24,7,7,32,454,90,86,62,112,51,30,12,109,32,60
554,Vanuatu,VUT,2004,6,9,6,12,126,24,7,7,34,471,90,86,62,117,55,33,12,111,33,61
555,Vanuatu,VUT,2005,7,10,6,12,94,26,8,7,35,503,94,86,64,125,62,36,12,116,34,64
556,Vanuatu,VUT,2006,7,10,7,12,81,26,8,8,36,528,96,85,64,132,66,38,12,120,35,66
557,Vanuatu,VUT,2007,7,11,7,13,60,28,8,8,37,558,101,86,66,141,71,41,13,125,37,69
558,Vanuatu,VUT,2008,7,11,8,13,48,28,8,9,37,586,103,85,66,149,76,44,13,129,38,71
559,Vanuatu,VUT,2009,7,12,8,13,50,29,8,10,37,608,104,85,66,155,80,46,12,132,39,72
560,Vanuatu,VUT,2010,7,12,8,13,43,29,8,10,37,631,104,84,65,162,84,49,12,135,40,74
561,Vanuatu,VUT,2011,6,13,9,12,24,30,8,11,38,665,105,83,66,171,91,52,12,141,41,76
562,Vanuatu,VUT,2012,6,14,9,12,16,30,8,11,38,689,105,80,65,178,95,54,12,144,42,78
563,Vanuatu,VUT,2013,6,14,10,12,9,30,8,12,39,716,105,78,65,185,100,57,12,148,43,80
564,Vanuatu,VUT,2014,6,15,10,12,2,30,8,13,40,742,107,77,66,192,105,59,12,153,44,82
565,Vanuatu,VUT,2015,6,16,11,12,1,31,8,14,40,767,108,75,67,198,110,62,11,156,45,84
566,Vanuatu,VUT,2016,6,17,11,12,1,32,8,15,41,793,111,75,68,205,115,64,12,161,46,86
567,Vanuatu,VUT,2017,6,17,12,12,1,32,8,16,41,817,112,73,69,212,119,66,12,164,48,88
568,Vanuatu,VUT,2018,6,18,12,12,1,32,8,17,41,843,112,71,68,219,123,68,12,168,48,90
569,Vanuatu,VUT,2019,6,19,13,12,1,32,8,19,41,869,113,69,68,225,127,70,12,172,49,92
